scene_id,environment_seed,initial_coverage,success_87,success_95,first_crossing_87,first_crossing_95,final_coverage,max_coverage,steps,reward,terminal_reason
diffusion-final50-000,399317790,0.144158145811943,True,True,90,174,0.95515714499984,0.95515714499984,174,109.96473965196323,threshold_95
diffusion-final50-001,1508995183,0.0,True,True,76,188,0.9545322636834017,0.9545322636834017,188,121.30251156246288,threshold_95
diffusion-final50-002,874558014,0.4211454161612618,True,False,142,,0.46145047387274185,0.9224668658574827,300,183.86761186023637,time_limit
diffusion-final50-003,362387029,0.007262356799267059,True,True,89,103,0.9611253157670269,0.9611253157670269,103,38.24391369809516,threshold_95
diffusion-final50-004,1658274711,0.0,True,False,274,,0.7098745596158829,0.946327182557152,300,102.33222119789637,time_limit
diffusion-final50-005,1534202025,0.0,True,True,117,259,0.9517894284152908,0.9517894284152908,259,150.6806794615929,threshold_95
diffusion-final50-006,1625976308,0.0,True,True,138,143,0.9613202017949647,0.9613202017949647,143,30.143252153567722,threshold_95
diffusion-final50-007,1741304937,0.00013909369546501947,True,True,102,122,0.9500156843950508,0.9500156843950508,122,30.213475669104273,threshold_95
diffusion-final50-008,2072767948,0.0,True,True,135,254,0.9597828716311749,0.9597828716311749,254,125.15663281732704,threshold_95
diffusion-final50-009,2066680893,0.07120188638218278,True,True,138,267,0.9535236145492967,0.9535236145492967,267,154.32170435784684,threshold_95
diffusion-final50-010,1977365047,0.21372124510225315,True,True,124,213,0.9539438513817611,0.9539438513817611,213,131.40664828970725,threshold_95
diffusion-final50-011,23234079,0.0,True,False,270,,0.9037107725625769,0.9130161162488077,300,88.82873312983244,time_limit
diffusion-final50-012,965888089,0.0,True,True,88,111,0.9512677238639378,0.9512677238639378,111,49.452339807216624,threshold_95
diffusion-final50-013,405468954,0.0,True,True,164,177,0.9502794087327943,0.9502794087327943,177,68.54245324203319,threshold_95
diffusion-final50-014,241102301,0.0,True,True,82,85,0.9504166376184445,0.9504166376184445,85,22.048894808436312,threshold_95
diffusion-final50-015,1734379109,0.0,True,True,155,174,0.9568552255414836,0.9568552255414836,174,80.84886508070143,threshold_95
diffusion-final50-016,1794078906,0.0,True,False,137,,0.884746130390897,0.9491493802001942,300,158.06951676815098,time_limit
diffusion-final50-017,1294145148,0.41952209437805543,False,False,,,0.4130127921712114,0.5405286622107103,300,133.43316251423502,time_limit
diffusion-final50-018,1668615010,0.004677717182475968,True,True,194,214,0.9502649312929706,0.9502649312929706,214,59.25608157035299,threshold_95
diffusion-final50-019,301228205,0.06466751624295741,True,True,81,274,0.9510225527986695,0.9510225527986695,274,188.96491093194246,threshold_95
diffusion-final50-020,1479599876,0.0,False,False,,,0.0,0.0,300,0.0,time_limit
diffusion-final50-021,78141974,0.11303053933867876,False,False,,,0.0034228828060040455,0.36626587312001757,300,14.765603915359911,time_limit
diffusion-final50-022,869836724,0.22320061248550632,True,True,71,91,0.9559251773862362,0.9559251773862362,91,46.4558131081219,threshold_95
diffusion-final50-023,923507469,0.0,True,True,123,128,0.9589533819196999,0.9589533819196999,128,14.37984718253298,threshold_95
diffusion-final50-024,291572178,0.0,False,False,,,0.0,0.0,300,0.0,time_limit
diffusion-final50-025,1033931089,0.0,True,True,222,275,0.9550020185258302,0.9550020185258302,275,65.05617024329138,threshold_95
diffusion-final50-026,2092820203,0.0,True,True,225,228,0.9525503234051566,0.9525503234051566,228,96.77085038220424,threshold_95
diffusion-final50-027,28868610,0.0,True,True,174,289,0.9638134752593213,0.9638134752593213,289,149.12665574485666,threshold_95
diffusion-final50-028,2107988537,0.0,False,False,,,0.0,0.0,300,0.0,time_limit
diffusion-final50-029,1700361752,0.0,True,True,228,231,0.9575374001176419,0.9575374001176419,231,31.46526852452487,threshold_95
diffusion-final50-030,22688866,0.0,True,True,100,103,0.9535595519916366,0.9535595519916366,103,18.373007340996487,threshold_95
diffusion-final50-031,1024560275,0.0,True,True,58,139,0.9515555323660516,0.9515555323660516,139,76.38635970451064,threshold_95
diffusion-final50-032,1034407422,0.30901421138314034,True,False,93,,0.8036668121493828,0.9477728845599436,300,218.49782615575344,time_limit
diffusion-final50-033,218522618,0.024574669902168524,False,False,,,0.0,0.024574669902168524,300,0.6563180930805175,time_limit
diffusion-final50-034,1307872235,0.1602704706813797,True,False,139,,0.5959346298840389,0.9481345237873755,300,165.22820237825283,time_limit
diffusion-final50-035,1212250125,0.0,False,False,,,0.0,0.04646261761148794,300,0.19368294125241117,time_limit
diffusion-final50-036,684986994,0.0,True,False,164,,0.6782285228440907,0.9486193930208587,300,119.67442323654626,time_limit
diffusion-final50-037,525362513,0.4619886464069849,True,True,40,68,0.9520803223135609,0.9520803223135609,68,49.284974207559884,threshold_95
diffusion-final50-038,2053351305,0.0,True,True,153,199,0.9570040539209193,0.9570040539209193,199,95.0793960341847,threshold_95
diffusion-final50-039,71193404,0.0,False,False,,,0.0,0.0,300,0.0,time_limit
diffusion-final50-040,1323744046,0.16553655918184534,True,True,202,253,0.9755553300349373,0.9755553300349373,253,99.90622218752857,threshold_95
diffusion-final50-041,89155188,0.2588888508165758,True,True,81,239,0.9638175371498978,0.9638175371498978,239,176.13611401313096,threshold_95
diffusion-final50-042,2136085273,0.16206431548264705,True,True,94,235,0.9533261663344327,0.9533261663344327,235,142.27435580557594,threshold_95
diffusion-final50-043,582770399,0.0,False,False,,,0.000553296042059285,0.48174160256824966,300,26.034935965841886,time_limit
diffusion-final50-044,1875122039,0.0,False,False,,,0.0,0.0,300,0.0,time_limit
diffusion-final50-045,1018311726,0.0,True,True,176,180,0.9557311510902523,0.9557311510902523,180,39.27280391495383,threshold_95
diffusion-final50-046,75279469,0.0,False,False,,,0.006337326034975642,0.006337326034975642,300,1.6391753687261876,time_limit
diffusion-final50-047,629374653,0.05098706903098001,True,True,263,272,0.9819481133882343,0.9819481133882343,272,59.98583194831391,threshold_95
diffusion-final50-048,730389111,0.1316415151572328,False,False,,,0.0017312969729609134,0.3532194202347337,300,44.69376106085115,time_limit
diffusion-final50-049,1233931412,0.056256041743306846,True,True,190,279,0.9524784742055851,0.9524784742055851,279,132.295156346943,threshold_95
